{
  "properties": {
    "lenses": {
      "0": {
        "order": 0,
        "parts": {
          "0": {
            "position": {
              "x": 0,
              "y": 0,
              "colSpan": 4,
              "rowSpan": 6
            },
            "metadata": {
              "inputs": [
                {
                  "name": "resourceType",
                  "value": "Microsoft.Resources/resources"
                }
              ],
              "type": "Extension/HubsExtension/StartboardPartInstance/Browse",
              "viewState": {
                "content": {
                  "selectableData": {}
                }
              }
            }
          },
          "1": {
            "position": {
              "x": 4,
              "y": 0,
              "colSpan": 4,
              "rowSpan": 2
            },
            "metadata": {
              "inputs": [],
              "type": "Extension/HubsExtension/StartboardPartInstance/AzureProjectGettingStarted"
            }
          },
          "2": {
            "position": {
              "x": 8,
              "y": 0,
              "colSpan": 6,
              "rowSpan": 4
            },
            "metadata": {
              "inputs": [
                {
                  "name": "id",
                  "value": "340a5dc4-5cdc-4844-850d-9008f7eca7f9"
                }
              ],
              "type": "Extension/Microsoft_Azure_Billing/PartType/SubscriptionFreeMetersUsageGrid"
            }
          },
          "3": {
            "position": {
              "x": 14,
              "y": 0,
              "colSpan": 6,
              "rowSpan": 4
            },
            "metadata": {
              "inputs": [
                {
                  "name": "id",
                  "value": "340a5dc4-5cdc-4844-850d-9008f7eca7f9"
                }
              ],
              "type": "Extension/Microsoft_Azure_Billing/PartType/SubscriptionDetailBurnRateChart"
            }
          },
          "4": {
            "position": {
              "x": 20,
              "y": 0,
              "colSpan": 2,
              "rowSpan": 2
            },
            "metadata": {
              "inputs": [
                {
                  "name": "id",
                  "value": "/subscriptions/340a5dc4-5cdc-4844-850d-9008f7eca7f9/resourcegroups/arobaro/providers/Microsoft.Compute/virtualMachines/yordan"
                }
              ],
              "type": "Extension/Microsoft_Azure_Compute/PartType/VirtualMachinePart",
              "asset": {
                "idInputName": "id",
                "type": "VirtualMachine"
              }
            }
          },
          "5": {
            "position": {
              "x": 22,
              "y": 0,
              "colSpan": 6,
              "rowSpan": 4
            },
            "metadata": {
              "inputs": [
                {
                  "name": "options",
                  "value": {
                    "charts": [
                      {
                        "title": "Disk bytes (total)",
                        "metrics": [
                          {
                            "name": "Disk Read Bytes",
                            "resourceMetadata": {
                              "resourceId": "/subscriptions/340a5dc4-5cdc-4844-850d-9008f7eca7f9/resourcegroups/arobaro/providers/Microsoft.Compute/virtualMachines/yordan"
                            },
                            "aggregationType": 4,
                            "type": "host"
                          },
                          {
                            "name": "Disk Write Bytes",
                            "resourceMetadata": {
                              "resourceId": "/subscriptions/340a5dc4-5cdc-4844-850d-9008f7eca7f9/resourcegroups/arobaro/providers/Microsoft.Compute/virtualMachines/yordan"
                            },
                            "aggregationType": 4,
                            "type": "host"
                          }
                        ],
                        "timespan": {
                          "relative": {
                            "durationMs": 3600000
                          }
                        }
                      }
                    ]
                  }
                },
                {
                  "name": "sharedTimeRange",
                  "binding": "timeRange",
                  "isOptional": true
                }
              ],
              "type": "Extension/HubsExtension/PartType/MonitorChartPart",
              "settings": {}
            }
          },
          "6": {
            "position": {
              "x": 28,
              "y": 0,
              "colSpan": 6,
              "rowSpan": 4
            },
            "metadata": {
              "inputs": [
                {
                  "name": "options",
                  "value": {
                    "charts": [
                      {
                        "title": "Network (total)",
                        "metrics": [
                          {
                            "name": "Network In",
                            "resourceMetadata": {
                              "resourceId": "/subscriptions/340a5dc4-5cdc-4844-850d-9008f7eca7f9/resourcegroups/arobaro/providers/Microsoft.Compute/virtualMachines/yordan"
                            },
                            "aggregationType": 4,
                            "type": "host"
                          },
                          {
                            "name": "Network Out",
                            "resourceMetadata": {
                              "resourceId": "/subscriptions/340a5dc4-5cdc-4844-850d-9008f7eca7f9/resourcegroups/arobaro/providers/Microsoft.Compute/virtualMachines/yordan"
                            },
                            "aggregationType": 4,
                            "type": "host"
                          }
                        ],
                        "timespan": {
                          "relative": {
                            "durationMs": 3600000
                          }
                        }
                      }
                    ]
                  }
                },
                {
                  "name": "sharedTimeRange",
                  "binding": "timeRange",
                  "isOptional": true
                }
              ],
              "type": "Extension/HubsExtension/PartType/MonitorChartPart",
              "settings": {}
            }
          },
          "7": {
            "position": {
              "x": 34,
              "y": 0,
              "colSpan": 6,
              "rowSpan": 4
            },
            "metadata": {
              "inputs": [
                {
                  "name": "options",
                  "value": {
                    "charts": [
                      {
                        "title": "CPU (average)",
                        "metrics": [
                          {
                            "name": "Percentage CPU",
                            "resourceMetadata": {
                              "resourceId": "/subscriptions/340a5dc4-5cdc-4844-850d-9008f7eca7f9/resourcegroups/arobaro/providers/Microsoft.Compute/virtualMachines/yordan"
                            },
                            "aggregationType": 1,
                            "type": "host"
                          }
                        ],
                        "timespan": {
                          "relative": {
                            "durationMs": 3600000
                          }
                        }
                      }
                    ]
                  }
                },
                {
                  "name": "sharedTimeRange",
                  "binding": "timeRange",
                  "isOptional": true
                }
              ],
              "type": "Extension/HubsExtension/PartType/MonitorChartPart",
              "settings": {}
            }
          },
          "8": {
            "position": {
              "x": 40,
              "y": 0,
              "colSpan": 6,
              "rowSpan": 4
            },
            "metadata": {
              "inputs": [
                {
                  "name": "options",
                  "value": {
                    "charts": [
                      {
                        "metrics": [
                          {
                            "resourceMetadata": {
                              "resourceId": "/subscriptions/340a5dc4-5cdc-4844-850d-9008f7eca7f9/resourceGroups/cloud-shell-storage-northeurope/providers/Microsoft.Storage/storageAccounts/csa340a5dc45cdcx4844x850"
                            },
                            "name": "TotalRequests",
                            "displayName": "TotalRequests",
                            "type": "legacyBlob",
                            "timeGrainMs": 3600000
                          },
                          {
                            "resourceMetadata": {
                              "resourceId": "/subscriptions/340a5dc4-5cdc-4844-850d-9008f7eca7f9/resourceGroups/cloud-shell-storage-northeurope/providers/Microsoft.Storage/storageAccounts/csa340a5dc45cdcx4844x850"
                            },
                            "name": "TotalRequests",
                            "displayName": "TotalRequests",
                            "type": "legacyFile",
                            "timeGrainMs": 3600000
                          },
                          {
                            "resourceMetadata": {
                              "resourceId": "/subscriptions/340a5dc4-5cdc-4844-850d-9008f7eca7f9/resourceGroups/cloud-shell-storage-northeurope/providers/Microsoft.Storage/storageAccounts/csa340a5dc45cdcx4844x850"
                            },
                            "name": "TotalRequests",
                            "displayName": "TotalRequests",
                            "type": "legacyTable",
                            "timeGrainMs": 3600000
                          },
                          {
                            "resourceMetadata": {
                              "resourceId": "/subscriptions/340a5dc4-5cdc-4844-850d-9008f7eca7f9/resourceGroups/cloud-shell-storage-northeurope/providers/Microsoft.Storage/storageAccounts/csa340a5dc45cdcx4844x850"
                            },
                            "name": "TotalRequests",
                            "displayName": "TotalRequests",
                            "type": "legacyQueue",
                            "timeGrainMs": 3600000
                          }
                        ],
                        "title": "Total requests",
                        "timespan": {
                          "relative": {
                            "durationMs": 86400000
                          }
                        }
                      }
                    ]
                  }
                },
                {
                  "name": "sharedTimeRange",
                  "binding": "timeRange",
                  "isOptional": true
                }
              ],
              "type": "Extension/HubsExtension/PartType/MonitorChartPart",
              "settings": {}
            }
          },
          "9": {
            "position": {
              "x": 46,
              "y": 0,
              "colSpan": 2,
              "rowSpan": 2
            },
            "metadata": {
              "inputs": [
                {
                  "name": "id",
                  "value": "/subscriptions/5b00c9ad-1cca-4ce0-916c-53be06dbb66f/resourceGroups/waiter/providers/Microsoft.Network/networkInterfaces/nic-mn0"
                }
              ],
              "type": "Extension/Microsoft_Azure_Network/PartType/NetworkInterfacePart",
              "asset": {
                "idInputName": "id",
                "type": "NetworkInterface"
              },
              "defaultMenuItemId": "overview"
            }
          },
          "10": {
            "position": {
              "x": 48,
              "y": 0,
              "colSpan": 2,
              "rowSpan": 2
            },
            "metadata": {
              "inputs": [
                {
                  "name": "resourceId",
                  "value": "/subscriptions/340a5dc4-5cdc-4844-850d-9008f7eca7f9/resourcegroups/freespace/providers/Microsoft.Search/searchServices/aro"
                }
              ],
              "type": "Extension[azure]/Microsoft_Azure_Search/PartType/SearchServicePart",
              "asset": {
                "idInputName": "resourceId",
                "type": "SearchService"
              }
            }
          },
          "11": {
            "position": {
              "x": 50,
              "y": 0,
              "colSpan": 6,
              "rowSpan": 4
            },
            "metadata": {
              "inputs": [
                {
                  "name": "options",
                  "value": {
                    "charts": [
                      {
                        "metrics": [
                          {
                            "resourceMetadata": {
                              "resourceId": "/subscriptions/340a5dc4-5cdc-4844-850d-9008f7eca7f9/resourcegroups/arobaro/providers/Microsoft.Compute/virtualMachines/yordan"
                            },
                            "aggregationType": 4,
                            "name": "Network In",
                            "type": "host",
                            "unit": 1
                          },
                          {
                            "resourceMetadata": {
                              "resourceId": "/subscriptions/340a5dc4-5cdc-4844-850d-9008f7eca7f9/resourcegroups/arobaro/providers/Microsoft.Compute/virtualMachines/yordan"
                            },
                            "aggregationType": 4,
                            "name": "Network Out",
                            "type": "host",
                            "unit": 1
                          }
                        ],
                        "chartType": 0,
                        "timespan": {
                          "relative": {
                            "durationMs": 3600000
                          }
                        },
                        "title": "Network (total)"
                      }
                    ]
                  }
                },
                {
                  "name": "sharedTimeRange",
                  "binding": "timeRange",
                  "isOptional": true
                }
              ],
              "type": "Extension/HubsExtension/PartType/MonitorChartPart",
              "settings": {}
            }
          },
          "12": {
            "position": {
              "x": 4,
              "y": 2,
              "colSpan": 4,
              "rowSpan": 5
            },
            "metadata": {
              "inputs": [],
              "type": "Extension/HubsExtension/StartboardPartInstance/GettingStarted"
            }
          },
          "13": {
            "position": {
              "x": 20,
              "y": 2,
              "colSpan": 2,
              "rowSpan": 2
            },
            "metadata": {
              "inputs": [
                {
                  "name": "selectedMenuItemId",
                  "value": "WebAndMobile_MP",
                  "isOptional": true
                }
              ],
              "type": "Extension/Microsoft_Azure_Marketplace/PartType/GalleryFeaturedMenuItemTile"
            }
          },
          "14": {
            "position": {
              "x": 46,
              "y": 2,
              "colSpan": 2,
              "rowSpan": 2
            },
            "metadata": {
              "inputs": [
                {
                  "name": "resourceId",
                  "value": "/subscriptions/340a5dc4-5cdc-4844-850d-9008f7eca7f9/resourcegroups/freespace/providers/Microsoft.Search/searchServices/aro"
                }
              ],
              "type": "Extension/Microsoft_Azure_Search/Blade/SearchServiceBlade/Lens/Usage/PartInstance/DataSourceSummaryPart",
              "asset": {
                "idInputName": "resourceId",
                "type": "SearchService"
              }
            }
          },
          "15": {
            "position": {
              "x": 0,
              "y": 6,
              "colSpan": 2,
              "rowSpan": 1
            },
            "metadata": {
              "inputs": [],
              "type": "Extension/HubsExtension/StartboardPartInstance/ServicesHealthPartStart"
            }
          },
          "16": {
            "position": {
              "x": 2,
              "y": 6,
              "colSpan": 2,
              "rowSpan": 1
            },
            "metadata": {
              "inputs": [
                {
                  "name": "selectedMenuItemId",
                  "value": "",
                  "isOptional": true
                }
              ],
              "type": "Extension/HubsExtension/StartboardPartInstance/GalleryTileStart"
            }
          }
        }
      }
    }
  },
  "name": "Clone of Clone of Clone of Clone of Dashboard",
  "type": "Microsoft.Portal/dashboards",
  "location": "INSERT LOCATION",
  "tags": {
    "hidden-title": "Clone of Clone of Clone of Clone of Dashboard"
  },
  "apiVersion": "2015-08-01-preview"
}